url,email
https://westminster-nice.com/fr/page/restaurant-le-duc-hotel-restaurant-nice.21432.html,reservation@westminster-nice.com
https://westminster-nice.com/fr/page/restaurant-le-duc-hotel-restaurant-nice.21432.html,restauration@westminster-nice.com
https://www.aubureau.fr/restaurant/?ville=Au%20Bureau%20Nice,contactaubureaunice@grouperkr.com
https://brumecoffeenice.fr/,contact@brumecoffeenice.fr
https://tipsynicebar.com/,tipsynicebar@gmail.com
https://www.kooc-bao.com/,koocfrance@gmail.com
https://www.lesagitateurs.com/,gestion@lesagitateurs.com
https://www.lesagitateurs.com/,fournisseurs@lesagitateurs.com
https://www.lesagitateurs.com/,lesagitateursnice@gmail.com
https://www.lesagitateurs.com/,03lesagitateursnice@gmail.comfournisseurs
https://www.chezlesgarcons.fr/,contact@chezlesgarcons.fr
https://emiliescookies.com/places/nice-vieux-nice/,cookies@emiliescookies.com
https://emiliescookies.com/places/nice-vieux-nice/,marc@slush.fr
https://attimi.fr,attimi@arimondo.net
https://www.kooc-tea.com/,koocfrance@gmail.com
https://biogstore.com/,contact@biogstore.com
https://restaurant-foodie.fr,reservation@restaurant-foodie.fr
https://restaurant-foodie.fr,60reservation@foodie-restaurant.fr
https://restaurant-foodie.fr,60reservation@restaurant-foodie.fr
https://www.privateaser.com/lieu/48168-tonton-barbac,contact@privateaser.com
https://nice-aeroport.campanile.com,nice.aeroport@campanile.frAll
https://nice-aeroport.campanile.com,nice.aeroport@campanile.fr
https://www.le-3e-bar-restaurant-nice.com,troisieme.nice@hyatt.com
https://oliveartichaut.com/,contact@oliveartichaut.com
https://www.hotel-negresco-nice.com/fr/les-restaurants/le-bar,
https://www.hotel-negresco-nice.com/fr/les-restaurants/le-bar,nlesbars@lenegresco.com
https://sakura-sushi.fr/,Contact@sakura-sushi.fr
https://www.tradiswiss.ch/nice/,info@tradiswiss-nice.fr
https://seennice.com,seen.plazanice@anantara-hotels.com
https://plagenicebeaurivage.com,info@plagenicebeaurivage.com
https://le-restaurant-otejo.webnode.fr/,restaurantbrr.tejo@gmail.com
https://lefelixfaure.fr/,contact@felixdenice.com
https://bakeronline.fr/fr-fr/armandzonepietonne,Serviceclients.charmand@gmail.com
https://af-nice.fr/fr,info@af-nice.fr
https://www.arlequingelati.com/,arlequingelati@yahoo.com
https://www.arlequingelati.com/,arlequingelati@yahoo.com04
https://bella-bay.fr/,contact@bella-bay.fr
https://www.yoserestaurant.fr/,contact@yoserestaurant.com
https://www.yoserestaurant.fr/,Nicecontact@yoserestaurant.com09.83.46.43.21NomE-mailT
https://restaurant-kumano.fr/,
https://www.boccamar.com/,contact@boccamar.com
https://www.lecountrystore.com,meetme@lecountrystore.com
https://laromate.fr,info@laromate.fr
https://www.lafabriquegivree.com,hello@lafabriquegivree.com
https://restaurants.chickenstreet.fr/nice-massena/,
https://cafedesamisnice.com/,cafedesamisnice@gmail.com
https://www.gioianice.fr/,info@mysite.com
https://www.gioianice.fr/,reservations.gioianice@gmail.comLocation
https://www.gioianice.fr/,la.gioia.nice@gmail.comLe
https://www.gioianice.fr/,la.gioia.nice@gmail.com
https://www.devor.me/,AMBASSADEUR@DeVOR.MEINSTAGRAM
https://lescompagnonsdelagrappe.com/,compagnonsdelagrappe@gmail.com
https://theoriginalfoca.fr/,60contact@theoriginalfoca.frThe
https://theoriginalfoca.fr/,contact@theoriginalfoca.fr
https://theoriginalfoca.fr/,18contact@theoriginalfoca.fr
https://theoriginalfoca.fr/,4567890hello@loftpineapple.comPineapple
http://lagaitenallino.fr/,lagaite-nallino@orange.fr
https://www.aucoeurdesterroirs.com/,contact@aucoeurdesterroirs.com
https://lekobe-sushi.fr,lekobe2017@gmail.com
https://www.pizza-napoli-06.fr/,contact@pizza-napoli-06.fr
https://www.pizza-napoli-06.fr/,pizza-napoli-06.fr
https://www.restaurant-millesime.fr/,contact@restaurant-millesime.fr
https://www.nuances-restaurant.com/,contact@nuances-restaurant.com
https://www.nuances-restaurant.com/,contact@nuances-restaurant.comR
https://www.nuances-restaurant.com/,contact@nuances-restaurant.com0
https://lemagentanice.fr/fr,ContactLeMagenta@gmail.com
https://lemagentanice.fr/fr,LeMagenta
https://www.blendcoffeevinyl.com/,contact@blendcoffeevinyl.com
https://www.restaurantonice.com/,info@restaurantnormal.com
https://www.restaurantonice.com/,info@restaurantonice.comVeuillez
https://www.restaurantonice.com/,30info@restaurantonice.com
https://www.restaurantonice.com/,info@restaurantonice.com
https://la-chaumiere-nice.com/,
https://la-chaumiere-nice.com/,lachaumierenice@gmail.com
https://bar-shounga-nice.fr/,contact@shounga.bar
https://www.pizzadafrancesco.com/,dafrancesconice@gmail.com
https://www.babelbabel.fr/,hello@babelbabel.fr
https://restaurantdante.fr/,ledantenice@gmail.com
https://sentimi.fr/,contact@sentimi.fr
https://www.chezlesgarcons.fr/,contact@chezlesgarcons.fr
https://www.boccanissa.com,contact@boccanissa.com
https://www.waynesbar-restaurant.com,contact@waynesbar-restaurant.com
https://www.davisto.net/,Suivez-nousPartenairesdavisto@orange.fr
https://www.davisto.net/,davisto@orange.fr
https://www.sawasdee-nice.fr/,Accueilcontact@coach-digital-nice.com2023-02-13T13
https://waka-bar.com/,wakabarnice@gmail.com
https://waka-bar.com/,#
https://causetteetbergamote.com/,27bienvenue@causetteetbergamote.com
https://www.casapizzanice.fr/,infos@casapizzanice.fr
https://theservicecourse.cc/nice,info@theservicecourse.cc
https://www.ornatokitchenbar.fr/,contact@ornatokitchenbar.fr
https://neronglacier.com/,39neronglacier@yahoo.com
https://theoriginalfoca.fr/,60contact@theoriginalfoca.frThe
https://theoriginalfoca.fr/,contact@theoriginalfoca.fr
https://theoriginalfoca.fr/,18contact@theoriginalfoca.fr
https://theoriginalfoca.fr/,4567890hello@loftpineapple.comPineapple
https://lapopotedondine.com,hello@lapopotedondine.com
https://ma-nolans.com/,info@ma-nolans.com
https://www.lebistrotdejeffnice.com,lebistrotdejeff@gmail.com
https://www.lemaquisnice.fr/,nicelemaquis@gmail.com
https://www.pureandvrestaurant.com/,Nicerestaurantpure-v@hotmail.com
https://www.pureandvrestaurant.com/,restaurantpure-v@hotmail.com
https://www.casa-nissa.com/,contact@casa-nissa.com
https://www.paperplanenice.com/,paperplane06@outlook.frContact
https://www.paperplanenice.com/,paperplane06@outlook.fr
https://www.bistrotgourmand.net/,reservation@bistrotgourmand.net
https://papilla.fr/,contact@papilla.fr
https://restaurantgina.com,nice@restaurantgina.com
https://lecouloir-nice.fr/,levidence@aol.com
https://www.lepotirongourmet.com/,contact@lepotirongourmet.combottom
https://www.lepotirongourmet.com/,contact@lepotirongourmet.com
https://www.casaleya.com/,reservation@casaleya.com
https://ma-nolans.com,info@ma-nolans.com
https://musees-nationaux-alpesmaritimes.fr/chagall/la-buvette-du-musee,nom@exemple.com
https://musees-nationaux-alpesmaritimes.fr/chagall/la-buvette-du-musee,cafe.chagall06@gmail.com
https://www.cafedeturin.fr/,contact@cafedeturin.fr
https://www.luzine-restaurant.com/,contact@luzine-restaurant.com
https://steaknshake.fr,contact.france@steaknshake.com
https://www.hotel-westend.com/restaurant-le-siecle/,westend@3ahotels.com
https://boscolocollection.com/nice/en/angelo-terra-ditalia-restaurant/,contact.nice@boscolocollection.com
https://hotel-aston.com/restaurant-3/,horloge@hotelastonlascala.com
https://hotel-aston.com/restaurant-3/,aston@3ahotels.com
https://hotel-aston.com/restaurant-3/,events@hotelastonlascala.com
https://hotel-aston.com/restaurant-3/,aston@3ahotels.com.
https://hotel-aston.com/restaurant-3/,quality@3ahotels.com
https://www.kohola.fr/,communication@kohola.fr
https://www.kohola.fr/,contact@kohola.fr
https://rouge-restaurant.fr/,contact@rouge-restaurant.fr09.77.94.22.39
https://www.hotel-negresco-nice.com/en/restaurants/rotonde-brasserie,
https://www.hotel-negresco-nice.com/en/restaurants/rotonde-brasserie,restauration@lenegresco.com
https://www.hotel-negresco-nice.com/en/restaurants/rotonde-brasserie,11restauration@lenegresco.com
https://www.hotel-negresco-nice.com/en/restaurants/rotonde-brasserie,rotonde@lenegresco.com
https://www.hotel-negresco-nice.com/en/restaurants/rotonde-brasserie,11rotonde@lenegresco.com
https://www.columbuscafe.com/boutique/nice-centre-ville/,sav@columbuscafe.com
https://wmnice06.wixsite.com/website,wmnice06@gmail.com
https://wmnice06.wixsite.com/website,Nicewmnice06@gmail.com06.68.46.96.65Accueil
https://www.pizzafalicon-nice.fr/,contact@pizzafalicon-nice.frCommander
https://vitito.fr/,afeulent06@gmail.com
https://www.asiafood79.com/,asiafoodnice@gmail.com
https://www.hotel-negresco-nice.com/en/LE-NEGRESCO-BEACH,contact@nlaplage.com
https://loubalico.com/,info@loubalico.com
https://www.museedusport.fr/fr/page/cafe-des-aiglons,contact@museedusport.fr
https://www.nooris.com/fr/,contact@nooris.comwww.nooris.com
https://www.paulinefaitlacuisine.com,paulinefaitlacuisine@gmail.com06
https://www.paulinefaitlacuisine.com,paulinefaitlacuisine@gmail.com
https://www.splendid-nice.com/en/restaurant/,info@splendid-nice.com
https://www.splendid-nice.com/en/restaurant/,sales@splendid-nice.com
https://finegueule.fr/,contact@finegueule.fr
https://soho-nice.fr/,ContactSohoNice@gmail.com
https://www.pollyandcie.com/,pollyandcie@gmail.com
https://www.pollyandcie.com/,pollyandcie@gmail.com
https://www.salette-restaurant.fr,contact@salette-restaurant.fr
https://van-diemens.fr/,gday@van-diemens.fr
https://restaurant.kingmarcel.fr/fr/king-marcel-nice,marcel@kingmarcel.com.
https://lespinsdalep.fr,contact@lespinsdalep.fr
http://www.lesanjuan.com/,lesanjuannice@hotmail.fr
https://www.sushilune.fr/,sushi.lune@yahoo.fr
https://www.bluebeach.fr/,Contact@bluebeach.fr
https://www.bistrotdejennifer.com/,lebistrotdejennifer06@gmail.com.
https://www.bistrotdejennifer.com/,lebistrotdejennifer06@gmail.com
https://www.laboulisterie.com/club,club@laboulisterie.com
https://www.laboulisterie.com/club,contact@laboulisterie.com
https://www.hotel-la-perouse.com/restaurant-bar-terrasse/,lp@hotel-la-perouse.com
https://restaurantpiccolaitalia.com,restaurantpiccolaitalia@gmail.com
https://www.bulldogpompei.com/,bulldogpubpompei@gmail.com
https://www.bulldogpompei.com/,Francebulldogpubpompei@gmail.comNomE-mailT
https://www.lareservedenice.fr/fr/,80contact@lareservedenice.frFrEnPlan
https://www.lareservedenice.fr/fr/,contact@lareservedenice.fr
https://www.les-sens-nice.fr/,les.sens.nice@gmail.com
https://restaurant-lappart.fr/,lappartrestaurant.nice@gmail.com
https://www.brasseriedecastillon.com,Info@Brasseriedecastillon.com
https://www.brasseriedecastillon.com,hello@mycompany.com
https://aufutetamesure.fr/bar/aufut-nice/,cesson@aufut.fr
https://www.confiserie-ballanger.fr/confiserie-ballanger-nice/,name@email.com
https://www.confiserie-ballanger.fr/confiserie-ballanger-nice/,contact@confiserieballanger.com
https://hotel-aston.com/restaurant-sur-le-toit/,horloge@hotelastonlascala.com
https://hotel-aston.com/restaurant-sur-le-toit/,aston@3ahotels.com
https://hotel-aston.com/restaurant-sur-le-toit/,events@hotelastonlascala.com
https://hotel-aston.com/restaurant-sur-le-toit/,aston@3ahotels.com.
https://hotel-aston.com/restaurant-sur-le-toit/,quality@3ahotels.com
https://www.letempsdunete-plage.fr/,contact@letempsdunete-plage.fr
https://le-rocher-moules-frites-nice.fr/,chezminanice@gmail.com
https://restaurant-la-barque-bleue.fr/,labarquebleuenice@gmail.com
https://www.leplongeoir.com/,02contact@leplongeoir.com
https://www.leplongeoir.com/,contact@leplongeoir.com
https://www.leplongeoir.com/,commercial@leplongeoir.com
https://www.bellota-bellota.com/fr/,commande@bellota-bellota.com
https://www.castelplage.com,events@castelplage.com
https://www.castelplage.com,recrutement@castelplage.com
https://www.castelplage.com,info@castelplage.com
https://so-green.fr,miam@so-green.fr
http://lesagitateurs.com/pirouette,gestion@lesagitateurs.com
http://lesagitateurs.com/pirouette,pirouette.nice@gmail.com
http://lesagitateurs.com/pirouette,21pirouette.nice@gmail.comOuvrir
https://www.cafeducycliste.com/,service-clients@cafeducycliste.com
https://lunatiki-bar.com/,orderlunatiki@hotmail.com
https://lunatiki-bar.com/,#
https://www.privateaser.com/lieu/44960-le-croque-bedaine,contact@privateaser.com
https://maison-joia.com/,contact@maison-joia.com
https://westminster-nice.com/fr/page/bar-w-ambiance-nice.21437.html,reservation@westminster-nice.com
https://www.bozen.fr/page/bozen-nice-148/,contact@bozen.fr
https://www.lebluewhales.com/,info@lebluewhales.com
https://www.lesdeuxcanailles.com/,restaurant@lesdeuxcanailles.com
https://www.shazi.fr/,19info@shazi.frNom
https://www.shazi.fr/,info@shazi.fr
https://www.hotel-negresco-nice.com/les-restaurants/le-chantecler/,
https://www.hotel-negresco-nice.com/les-restaurants/le-chantecler/,chantecler@lenegresco.com
https://www.confiserie-ballanger.fr/cafe-ballanger-nice/,name@email.com
https://www.confiserie-ballanger.fr/cafe-ballanger-nice/,contact@confiserieballanger.com
https://theresa-nice.com/,sophiebudoia@gmail.com
